{"cameraMode":{"drawMode":0,"name":"Shaded","section":"Shading Mode"},"sceneLighting":true,"audioPlay":false,"sceneViewState":{"showFog":true,"showMaterialUpdate":true,"showSkybox":true,"showFlares":true,"showImageEffects":true,"showParticleSystems":true},"in2DMode":false,"pivot":{"x":9.65398120880127,"y":0.13669395446777345,"z":19.47467613220215},"rotation":{"x":-0.045263905078172687,"y":0.03655180335044861,"z":-0.0016571154119446874,"w":-0.9983066320419312},"size":50.25049591064453,"orthographic":false}